<!DOCTYPE html PUBLIC "-//W3C//DTD XHTML 1.0 Transitional//EN" "DTD/xhtml1-transitional.dtd">
<html><head>
<style type="text/css"><!--
body {background-color: #ffffff; color: #000000;}
body, td, th, h1, h2 {font-family: sans-serif;}
pre {margin: 0px; font-family: monospace;}
a:link {color: #000099; text-decoration: none;}
a:hover {text-decoration: underline;}
table {border-collapse: collapse;}
.center {text-align: center;}
.center table { margin-left: auto; margin-right: auto; text-align: left;}
.center th { text-align: center; !important }
td, th { border: 1px solid #000000; font-size: 75%; vertical-align: baseline;}
h1 {font-size: 150%;}
h2 {font-size: 125%;}
.p {text-align: left;}
.e {background-color: #ccccff; font-weight: bold;}
.h {background-color: #9999cc; font-weight: bold;}
.v {background-color: #cccccc;}
i {color: #666666;}
img {float: right; border: 0px;}
hr {width: 600px; align: center; background-color: #cccccc; border: 0px; height: 1px;}
//--></style>
<title>phpinfo()</title></head>
<body><div class="center">
<table border="0" cellpadding="3" width="600">
<tr class="h"><td>
<a href="http://www.php.net/"><img border="0" src="?=PHPE9568F34-D428-11d2-A769-00AA001ACF42" alt="PHP Logo" /></a><h1 class="p">PHP Version 4.3.2</h1>
</td></tr>
</table><br />
<table border="0" cellpadding="3" width="600">
<tr><td class="e">System </td><td class="v">Linux diego.intern.de 2.4.21 #14 Sat Jan 15 10:51:52 CET 2004 i686 </td></tr>
<tr><td class="e">Build Date </td><td class="v">Sep  5 2003 13:01:28 </td></tr>
<tr><td class="e">Configure Command </td><td class="v"> './configure' '--host=i386-redhat-linux' '--build=i386-redhat-linux' '--target=i386-redhat-linux-gnu' '--program-prefix=' '--prefix=/usr' '--exec-prefix=/usr' '--bindir=/usr/bin' '--sbindir=/usr/sbin' '--sysconfdir=/etc' '--datadir=/usr/share' '--includedir=/usr/include' '--libdir=/usr/lib' '--libexecdir=/usr/libexec' '--localstatedir=/var' '--sharedstatedir=/usr/com' '--mandir=/usr/share/man' '--infodir=/usr/share/info' '--cache-file=../config.cache' '--with-config-file-path=/etc' '--with-config-file-scan-dir=/etc/php.d' '--enable-force-cgi-redirect' '--disable-debug' '--enable-pic' '--disable-rpath' '--enable-inline-optimization' '--with-bz2' '--with-db4=/usr' '--with-curl' '--with-dom=/usr' '--with-exec-dir=/usr/bin' '--with-freetype-dir=/usr' '--with-png-dir=/usr' '--with-gd' '--enable-gd-native-ttf' '--with-ttf' '--with-gdbm' '--with-gettext' '--with-ncurses' '--with-gmp' '--with-iconv' '--with-jpeg-dir=/usr' '--with-openssl' '--with-png' '--with-pspell' '--with-regex=system' '--with-xml' '--with-expat-dir=/usr' '--with-pcre=/usr' '--with-zlib' '--with-layout=GNU' '--enable-bcmath' '--enable-exif' '--enable-ftp' '--enable-magic-quotes' '--enable-safe-mode' '--enable-sockets' '--enable-sysvsem' '--enable-sysvshm' '--enable-discard-path' '--enable-track-vars' '--enable-trans-sid' '--enable-yp' '--enable-wddx' '--enable-mbstring' '--enable-mbstr-enc-trans' '--enable-mbregex' '--without-oci8' '--with-pear=/usr/share/pear' '--with-imap=shared' '--with-imap-ssl' '--with-kerberos=/usr/kerberos' '--with-ldap=shared' '--with-mysql=shared,/usr' '--with-pgsql=shared' '--with-unixODBC=shared' '--enable-memory-limit' '--enable-bcmath' '--enable-shmop' '--enable-versioning' '--enable-calendar' '--enable-dbx' '--enable-dio' '--enable-mcal' '--enable-force-cgi-redirect' </td></tr>
<tr><td class="e">Server API </td><td class="v">CGI </td></tr>
<tr><td class="e">Virtual Directory Support </td><td class="v">disabled </td></tr>
<tr><td class="e">Configuration File (php.ini) Path </td><td class="v">/etc/php.ini </td></tr>
<tr><td class="e">Scan this dir for additional .ini files </td><td class="v">/etc/php.d </td></tr>
<tr><td class="e">additional .ini files parsed </td><td class="v">/etc/php.d/java.ini
 </td></tr>
<tr><td class="e">PHP API </td><td class="v">20020918 </td></tr>
<tr><td class="e">PHP Extension </td><td class="v">20020429 </td></tr>
<tr><td class="e">Zend Extension </td><td class="v">20021010 </td></tr>
<tr><td class="e">Debug Build </td><td class="v">no </td></tr>
<tr><td class="e">Thread Safety </td><td class="v">disabled </td></tr>
<tr><td class="e">Registered PHP Streams </td><td class="v">php, http, ftp, https, ftps, compress.bzip2, compress.zlib   </td></tr>
</table><br />
<table border="0" cellpadding="3" width="600">
<tr class="v"><td>
<a href="http://www.zend.com/"><img border="0" src="?=PHPE9568F35-D428-11d2-A769-00AA001ACF42" alt="Zend logo" /></a>
This program makes use of the Zend Scripting Language Engine:<br />Zend Engine v1.3.0, Copyright (c) 1998-2003 Zend Technologies
</td></tr>
</table><br />
<hr />
<h1><a href="?=PHPB8B5F2A0-3C92-11d3-A3A9-4C7B08C10000">PHP Credits</a></h1>
<hr />
<h1>Configuration</h1>
<h2>PHP Core</h2>
<table border="0" cellpadding="3" width="600">
<tr class="h"><th>Directive</th><th>Local Value</th><th>Master Value</th></tr>
<tr><td class="e">allow_call_time_pass_reference</td><td class="v">On</td><td class="v">On</td></tr>
<tr><td class="e">allow_url_fopen</td><td class="v">On</td><td class="v">On</td></tr>
<tr><td class="e">always_populate_raw_post_data</td><td class="v">Off</td><td class="v">Off</td></tr>
<tr><td class="e">arg_separator.input</td><td class="v">&amp;</td><td class="v">&amp;</td></tr>
<tr><td class="e">arg_separator.output</td><td class="v">&amp;</td><td class="v">&amp;</td></tr>
<tr><td class="e">asp_tags</td><td class="v">Off</td><td class="v">Off</td></tr>
<tr><td class="e">auto_append_file</td><td class="v"><i>no value</i></td><td class="v"><i>no value</i></td></tr>
<tr><td class="e">auto_prepend_file</td><td class="v"><i>no value</i></td><td class="v"><i>no value</i></td></tr>
<tr><td class="e">browscap</td><td class="v"><i>no value</i></td><td class="v"><i>no value</i></td></tr>
<tr><td class="e">default_charset</td><td class="v"><i>no value</i></td><td class="v"><i>no value</i></td></tr>
<tr><td class="e">default_mimetype</td><td class="v">text/html</td><td class="v">text/html</td></tr>
<tr><td class="e">define_syslog_variables</td><td class="v">Off</td><td class="v">Off</td></tr>
<tr><td class="e">disable_classes</td><td class="v"><i>no value</i></td><td class="v"><i>no value</i></td></tr>
<tr><td class="e">disable_functions</td><td class="v"><i>no value</i></td><td class="v"><i>no value</i></td></tr>
<tr><td class="e">display_errors</td><td class="v">On</td><td class="v">On</td></tr>
<tr><td class="e">display_startup_errors</td><td class="v">Off</td><td class="v">Off</td></tr>
<tr><td class="e">doc_root</td><td class="v"><i>no value</i></td><td class="v"><i>no value</i></td></tr>
<tr><td class="e">docref_ext</td><td class="v"><i>no value</i></td><td class="v"><i>no value</i></td></tr>
<tr><td class="e">docref_root</td><td class="v"><i>no value</i></td><td class="v"><i>no value</i></td></tr>
<tr><td class="e">enable_dl</td><td class="v">On</td><td class="v">On</td></tr>
<tr><td class="e">error_append_string</td><td class="v"><i>no value</i></td><td class="v"><i>no value</i></td></tr>
<tr><td class="e">error_log</td><td class="v"><i>no value</i></td><td class="v"><i>no value</i></td></tr>
<tr><td class="e">error_prepend_string</td><td class="v"><i>no value</i></td><td class="v"><i>no value</i></td></tr>
<tr><td class="e">error_reporting</td><td class="v">2039</td><td class="v">2039</td></tr>
<tr><td class="e">expose_php</td><td class="v">On</td><td class="v">On</td></tr>
<tr><td class="e">extension_dir</td><td class="v">/usr/lib/php4</td><td class="v">/usr/lib/php4</td></tr>
<tr><td class="e">file_uploads</td><td class="v">On</td><td class="v">On</td></tr>
<tr><td class="e">gpc_order</td><td class="v">GPC</td><td class="v">GPC</td></tr>
<tr><td class="e">highlight.bg</td><td class="v"><font style="color: #FFFFFF">#FFFFFF</font></td><td class="v"><font style="color: #FFFFFF">#FFFFFF</font></td></tr>
<tr><td class="e">highlight.comment</td><td class="v"><font style="color: #FF8000">#FF8000</font></td><td class="v"><font style="color: #FF8000">#FF8000</font></td></tr>
<tr><td class="e">highlight.default</td><td class="v"><font style="color: #0000BB">#0000BB</font></td><td class="v"><font style="color: #0000BB">#0000BB</font></td></tr>
<tr><td class="e">highlight.html</td><td class="v"><font style="color: #000000">#000000</font></td><td class="v"><font style="color: #000000">#000000</font></td></tr>
<tr><td class="e">highlight.keyword</td><td class="v"><font style="color: #007700">#007700</font></td><td class="v"><font style="color: #007700">#007700</font></td></tr>
<tr><td class="e">highlight.string</td><td class="v"><font style="color: #DD0000">#DD0000</font></td><td class="v"><font style="color: #DD0000">#DD0000</font></td></tr>
<tr><td class="e">html_errors</td><td class="v">On</td><td class="v">On</td></tr>
<tr><td class="e">ignore_repeated_errors</td><td class="v">Off</td><td class="v">Off</td></tr>
<tr><td class="e">ignore_repeated_source</td><td class="v">Off</td><td class="v">Off</td></tr>
<tr><td class="e">ignore_user_abort</td><td class="v">Off</td><td class="v">Off</td></tr>
<tr><td class="e">implicit_flush</td><td class="v">Off</td><td class="v">Off</td></tr>
<tr><td class="e">include_path</td><td class="v">.:/usr/share/pear</td><td class="v">.:/usr/share/pear</td></tr>
<tr><td class="e">log_errors</td><td class="v">Off</td><td class="v">Off</td></tr>
<tr><td class="e">log_errors_max_len</td><td class="v">1024</td><td class="v">1024</td></tr>
<tr><td class="e">magic_quotes_gpc</td><td class="v">On</td><td class="v">On</td></tr>
<tr><td class="e">magic_quotes_runtime</td><td class="v">Off</td><td class="v">Off</td></tr>
<tr><td class="e">magic_quotes_sybase</td><td class="v">Off</td><td class="v">Off</td></tr>
<tr><td class="e">max_execution_time</td><td class="v">30</td><td class="v">30</td></tr>
<tr><td class="e">max_input_time</td><td class="v">60</td><td class="v">60</td></tr>
<tr><td class="e">memory_limit</td><td class="v">8M</td><td class="v">8M</td></tr>
<tr><td class="e">open_basedir</td><td class="v"><i>no value</i></td><td class="v"><i>no value</i></td></tr>
<tr><td class="e">output_buffering</td><td class="v"><i>no value</i></td><td class="v"><i>no value</i></td></tr>
<tr><td class="e">output_handler</td><td class="v"><i>no value</i></td><td class="v"><i>no value</i></td></tr>
<tr><td class="e">post_max_size</td><td class="v">8M</td><td class="v">8M</td></tr>
<tr><td class="e">precision</td><td class="v">14</td><td class="v">14</td></tr>
<tr><td class="e">register_argc_argv</td><td class="v">On</td><td class="v">On</td></tr>
<tr><td class="e">register_globals</td><td class="v">Off</td><td class="v">Off</td></tr>
<tr><td class="e">report_memleaks</td><td class="v">On</td><td class="v">On</td></tr>
<tr><td class="e">safe_mode</td><td class="v">Off</td><td class="v">Off</td></tr>
<tr><td class="e">safe_mode_exec_dir</td><td class="v"><i>no value</i></td><td class="v"><i>no value</i></td></tr>
<tr><td class="e">safe_mode_gid</td><td class="v">Off</td><td class="v">Off</td></tr>
<tr><td class="e">safe_mode_include_dir</td><td class="v"><i>no value</i></td><td class="v"><i>no value</i></td></tr>
<tr><td class="e">sendmail_from</td><td class="v">me@localhost.com</td><td class="v">me@localhost.com</td></tr>
<tr><td class="e">sendmail_path</td><td class="v">/usr/sbin/sendmail -t -i</td><td class="v">/usr/sbin/sendmail -t -i</td></tr>
<tr><td class="e">serialize_precision</td><td class="v">100</td><td class="v">100</td></tr>
<tr><td class="e">short_open_tag</td><td class="v">On</td><td class="v">On</td></tr>
<tr><td class="e">SMTP</td><td class="v">localhost</td><td class="v">localhost</td></tr>
<tr><td class="e">smtp_port</td><td class="v">25</td><td class="v">25</td></tr>
<tr><td class="e">sql.safe_mode</td><td class="v">Off</td><td class="v">Off</td></tr>
<tr><td class="e">track_errors</td><td class="v">Off</td><td class="v">Off</td></tr>
<tr><td class="e">unserialize_callback_func</td><td class="v"><i>no value</i></td><td class="v"><i>no value</i></td></tr>
<tr><td class="e">upload_max_filesize</td><td class="v">2M</td><td class="v">2M</td></tr>
<tr><td class="e">upload_tmp_dir</td><td class="v"><i>no value</i></td><td class="v"><i>no value</i></td></tr>
<tr><td class="e">user_dir</td><td class="v"><i>no value</i></td><td class="v"><i>no value</i></td></tr>
<tr><td class="e">variables_order</td><td class="v">EGPCS</td><td class="v">EGPCS</td></tr>
<tr><td class="e">xmlrpc_error_number</td><td class="v">0</td><td class="v">0</td></tr>
<tr><td class="e">xmlrpc_errors</td><td class="v">Off</td><td class="v">Off</td></tr>
<tr><td class="e">y2k_compliance</td><td class="v">On</td><td class="v">On</td></tr>
</table><br />
<h2><a name="module_bcmath">bcmath</a></h2>
<table border="0" cellpadding="3" width="600">
<tr><td class="e">BCMath support </td><td class="v">enabled </td></tr>
</table><br />
<h2><a name="module_bz2">bz2</a></h2>
<table border="0" cellpadding="3" width="600">
<tr><td class="e">BZip2 Support </td><td class="v">Enabled </td></tr>
<tr><td class="e">BZip2 Version </td><td class="v">1.0.2, 30-Dec-2001 </td></tr>
</table><br />
<h2><a name="module_calendar">calendar</a></h2>
<table border="0" cellpadding="3" width="600">
<tr><td class="e">Calendar support </td><td class="v">enabled </td></tr>
</table><br />
<h2><a name="module_ctype">ctype</a></h2>
<table border="0" cellpadding="3" width="600">
<tr><td class="e">ctype functions </td><td class="v">enabled </td></tr>
</table><br />
<h2><a name="module_curl">curl</a></h2>
<table border="0" cellpadding="3" width="600">
<tr><td class="e">CURL support </td><td class="v">enabled </td></tr>
<tr><td class="e">CURL Information </td><td class="v">libcurl/7.10.6 OpenSSL/0.9.7a ipv6 zlib/1.1.4 </td></tr>
</table><br />
<h2><a name="module_dba">dba</a></h2>
<table border="0" cellpadding="3" width="600">
<tr><td class="e">DBA support </td><td class="v">enabled </td></tr>
<tr><td class="e">Supported handlers </td><td class="v">gdbm cdb cdb_make db4 flatfile  </td></tr>
</table><br />
<h2><a name="module_dbx">dbx</a></h2>
<table border="0" cellpadding="3" width="600">
<tr><td class="e">dbx support </td><td class="v">enabled </td></tr>
<tr><td class="e">dbx version </td><td class="v">1.0.0 </td></tr>
<tr><td class="e">supported databases </td><td class="v">MySQL
ODBC
PostgreSQL
Microsoft SQL Server
FrontBase
Oracle 8 (oci8)
Sybase-CT </td></tr>
</table><br />
<table border="0" cellpadding="3" width="600">
<tr class="h"><th>Directive</th><th>Local Value</th><th>Master Value</th></tr>
<tr><td class="e">dbx.colnames_case</td><td class="v">unchanged</td><td class="v">unchanged</td></tr>
</table><br />
<h2><a name="module_dio">dio</a></h2>
<table border="0" cellpadding="3" width="600">
<tr><td class="e">dio support </td><td class="v">enabled </td></tr>
</table><br />
<h2><a name="module_domxml">domxml</a></h2>
<table border="0" cellpadding="3" width="600">
<tr><td class="e">DOM/XML </td><td class="v">enabled </td></tr>
<tr><td class="e">DOM/XML API Version </td><td class="v">20020815 </td></tr>
<tr><td class="e">libxml Version </td><td class="v">20510 </td></tr>
<tr><td class="e">HTML Support </td><td class="v">enabled </td></tr>
<tr><td class="e">XPath Support </td><td class="v">enabled </td></tr>
<tr><td class="e">XPointer Support </td><td class="v">enabled </td></tr>
</table><br />
<h2><a name="module_exif">exif</a></h2>
<table border="0" cellpadding="3" width="600">
<tr><td class="e">EXIF Support </td><td class="v">enabled </td></tr>
<tr><td class="e">EXIF Version </td><td class="v">1.4 $Id$ </td></tr>
<tr><td class="e">Supported EXIF Version </td><td class="v">0220 </td></tr>
<tr><td class="e">Supported filetypes </td><td class="v">JPEG,TIFF </td></tr>
</table><br />
<h2><a name="module_ftp">ftp</a></h2>
<table border="0" cellpadding="3" width="600">
<tr><td class="e">FTP support </td><td class="v">enabled </td></tr>
</table><br />
<h2><a name="module_gd">gd</a></h2>
<table border="0" cellpadding="3" width="600">
<tr><td class="e">GD Support </td><td class="v">enabled </td></tr>
<tr><td class="e">GD Version </td><td class="v">bundled (2.0.12 compatible) </td></tr>
<tr><td class="e">FreeType Support </td><td class="v">enabled </td></tr>
<tr><td class="e">FreeType Linkage </td><td class="v">with freetype </td></tr>
<tr><td class="e">GIF Read Support </td><td class="v">enabled </td></tr>
<tr><td class="e">JPG Support </td><td class="v">enabled </td></tr>
<tr><td class="e">PNG Support </td><td class="v">enabled </td></tr>
<tr><td class="e">WBMP Support </td><td class="v">enabled </td></tr>
<tr><td class="e">XBM Support </td><td class="v">enabled </td></tr>
</table><br />
<h2><a name="module_gettext">gettext</a></h2>
<table border="0" cellpadding="3" width="600">
<tr><td class="e">GetText Support </td><td class="v">enabled </td></tr>
</table><br />
<h2><a name="module_gmp">gmp</a></h2>
<table border="0" cellpadding="3" width="600">
<tr><td class="e">gmp support </td><td class="v">enabled </td></tr>
</table><br />
<h2><a name="module_iconv">iconv</a></h2>
<table border="0" cellpadding="3" width="600">
<tr><td class="e">iconv support </td><td class="v">enabled </td></tr>
<tr><td class="e">iconv implementation </td><td class="v">glibc </td></tr>
<tr><td class="e">iconv library version </td><td class="v">2.3.2 </td></tr>
</table><br />
<table border="0" cellpadding="3" width="600">
<tr class="h"><th>Directive</th><th>Local Value</th><th>Master Value</th></tr>
<tr><td class="e">iconv.input_encoding</td><td class="v">ISO-8859-1</td><td class="v">ISO-8859-1</td></tr>
<tr><td class="e">iconv.internal_encoding</td><td class="v">ISO-8859-1</td><td class="v">ISO-8859-1</td></tr>
<tr><td class="e">iconv.output_encoding</td><td class="v">ISO-8859-1</td><td class="v">ISO-8859-1</td></tr>
</table><br />
<h2><a name="module_java">java</a></h2>
<table border="0" cellpadding="3" width="600">
<tr><td class="e">java support </td><td class="v">Enabled </td></tr>
<tr><td class="e">java bridge </td><td class="v">2.0.7 </td></tr>
<tr><td class="e">java.libpath </td><td class="v">/usr/lib/php4 </td></tr>
<tr><td class="e">java.classpath </td><td class="v">/usr/lib/php4/JavaBridge.jar </td></tr>
<tr><td class="e">java.java_home </td><td class="v">/usr/java/jdk1.5.0 </td></tr>
<tr><td class="e">java.java </td><td class="v">/usr/java/jdk1.5.0/bin/java </td></tr>
<tr><td class="e">java.log_file </td><td class="v">/var/log/php-java-bridge.log </td></tr>
<tr><td class="e">java.log_level </td><td class="v">2 </td></tr>
<tr><td class="e">java.hosts </td><td class="v"><i>no value</i> </td></tr>
<tr><td class="e">java.servlet </td><td class="v">Off </td></tr>
<tr><td class="e">java command </td><td class="v">JAVA_HOME=/usr/java/jdk1.5.0 LD_LIBRARY_PATH=/usr/lib/php4: /usr/lib/php4/RunJavaBridge /usr/java/jdk1.5.0/bin/java -Djava.library.path=/usr/lib/php4 -Djava.class.path=/usr/lib/php4/JavaBridge.jar -Djava.awt.headless=true php.java.bridge.JavaBridge LOCAL:/var/run/.php-java-bridge_socket 2 /var/log/php-java-bridge.log  </td></tr>
<tr><td class="e">java status </td><td class="v">running </td></tr>
<tr><td class="e">java server </td><td class="v">/var/run/.php-java-bridge_socket </td></tr>
</table><br />
<h2><a name="module_mbstring">mbstring</a></h2>
<table border="0" cellpadding="3" width="600">
<tr><td class="e">Multibyte Support </td><td class="v">enabled </td></tr>
<tr><td class="e">Japanese support </td><td class="v">enabled </td></tr>
<tr><td class="e">Multibyte (japanese) regex support </td><td class="v">enabled </td></tr>
</table><br />
<table border="0" cellpadding="3" width="600">
<tr class="h"><th colspan="2">mbstring extension makes use of "streamable kanji code filter and converter", which is distributed under the GNU Lesser General Public License version 2.1.</th></tr>
</table><br />
<table border="0" cellpadding="3" width="600">
<tr class="h"><th>Directive</th><th>Local Value</th><th>Master Value</th></tr>
<tr><td class="e">mbstring.detect_order</td><td class="v"><i>no value</i></td><td class="v"><i>no value</i></td></tr>
<tr><td class="e">mbstring.encoding_translation</td><td class="v">Off</td><td class="v">Off</td></tr>
<tr><td class="e">mbstring.func_overload</td><td class="v">0</td><td class="v">0</td></tr>
<tr><td class="e">mbstring.http_input</td><td class="v">pass</td><td class="v">pass</td></tr>
<tr><td class="e">mbstring.http_output</td><td class="v">pass</td><td class="v">pass</td></tr>
<tr><td class="e">mbstring.internal_encoding</td><td class="v">none</td><td class="v">none</td></tr>
<tr><td class="e">mbstring.language</td><td class="v">neutral</td><td class="v">neutral</td></tr>
<tr><td class="e">mbstring.substitute_character</td><td class="v"><i>no value</i></td><td class="v"><i>no value</i></td></tr>
</table><br />
<h2><a name="module_ncurses">ncurses</a></h2>
<table border="0" cellpadding="3" width="600">
<tr class="h"><th>ncurses support</th><th>enabled</th></tr>
<tr><td class="e">ncurses library version </td><td class="v">5.3 </td></tr>
<tr><td class="e">color support </td><td class="v">yes </td></tr>
</table><br />
<h2><a name="module_openssl">openssl</a></h2>
<table border="0" cellpadding="3" width="600">
<tr><td class="e">OpenSSL support </td><td class="v">enabled </td></tr>
<tr><td class="e">OpenSSL Version </td><td class="v">OpenSSL 0.9.7a Feb 19 2003 </td></tr>
</table><br />
<h2><a name="module_overload">overload</a></h2>
<table border="0" cellpadding="3" width="600">
<tr><td class="e">User-Space Object Overloading Support </td><td class="v">enabled </td></tr>
</table><br />
<h2><a name="module_pcre">pcre</a></h2>
<table border="0" cellpadding="3" width="600">
<tr><td class="e">PCRE (Perl Compatible Regular Expressions) Support </td><td class="v">enabled </td></tr>
<tr><td class="e">PCRE Library Version </td><td class="v">3.92 11-Sep-2002 </td></tr>
</table><br />
<h2><a name="module_posix">posix</a></h2>
<table border="0" cellpadding="3" width="600">
<tr><td class="e">Revision </td><td class="v">$Revision$ </td></tr>
</table><br />
<h2><a name="module_pspell">pspell</a></h2>
<table border="0" cellpadding="3" width="600">
<tr><td class="e">PSpell Support </td><td class="v">enabled </td></tr>
</table><br />
<h2><a name="module_session">session</a></h2>
<table border="0" cellpadding="3" width="600">
<tr><td class="e">Session Support </td><td class="v">enabled </td></tr>
<tr><td class="e">Registered save handlers </td><td class="v">files user  </td></tr>
</table><br />
<table border="0" cellpadding="3" width="600">
<tr class="h"><th>Directive</th><th>Local Value</th><th>Master Value</th></tr>
<tr><td class="e">session.auto_start</td><td class="v">Off</td><td class="v">Off</td></tr>
<tr><td class="e">session.bug_compat_42</td><td class="v">On</td><td class="v">On</td></tr>
<tr><td class="e">session.bug_compat_warn</td><td class="v">On</td><td class="v">On</td></tr>
<tr><td class="e">session.cache_expire</td><td class="v">180</td><td class="v">180</td></tr>
<tr><td class="e">session.cache_limiter</td><td class="v">nocache</td><td class="v">nocache</td></tr>
<tr><td class="e">session.cookie_domain</td><td class="v"><i>no value</i></td><td class="v"><i>no value</i></td></tr>
<tr><td class="e">session.cookie_lifetime</td><td class="v">0</td><td class="v">0</td></tr>
<tr><td class="e">session.cookie_path</td><td class="v">/</td><td class="v">/</td></tr>
<tr><td class="e">session.cookie_secure</td><td class="v">Off</td><td class="v">Off</td></tr>
<tr><td class="e">session.entropy_file</td><td class="v"><i>no value</i></td><td class="v"><i>no value</i></td></tr>
<tr><td class="e">session.entropy_length</td><td class="v">0</td><td class="v">0</td></tr>
<tr><td class="e">session.gc_divisor</td><td class="v">100</td><td class="v">100</td></tr>
<tr><td class="e">session.gc_maxlifetime</td><td class="v">1440</td><td class="v">1440</td></tr>
<tr><td class="e">session.gc_probability</td><td class="v">1</td><td class="v">1</td></tr>
<tr><td class="e">session.name</td><td class="v">PHPSESSID</td><td class="v">PHPSESSID</td></tr>
<tr><td class="e">session.referer_check</td><td class="v"><i>no value</i></td><td class="v"><i>no value</i></td></tr>
<tr><td class="e">session.save_handler</td><td class="v">files</td><td class="v">files</td></tr>
<tr><td class="e">session.save_path</td><td class="v">/tmp</td><td class="v">/tmp</td></tr>
<tr><td class="e">session.serialize_handler</td><td class="v">php</td><td class="v">php</td></tr>
<tr><td class="e">session.use_cookies</td><td class="v">On</td><td class="v">On</td></tr>
<tr><td class="e">session.use_only_cookies</td><td class="v">Off</td><td class="v">Off</td></tr>
<tr><td class="e">session.use_trans_sid</td><td class="v">Off</td><td class="v">Off</td></tr>
</table><br />
<h2><a name="module_shmop">shmop</a></h2>
<table border="0" cellpadding="3" width="600">
<tr><td class="e">shmop support </td><td class="v">enabled </td></tr>
</table><br />
<h2><a name="module_sockets">sockets</a></h2>
<table border="0" cellpadding="3" width="600">
<tr><td class="e">Sockets Support </td><td class="v">enabled </td></tr>
</table><br />
<h2><a name="module_standard">standard</a></h2>
<table border="0" cellpadding="3" width="600">
<tr><td class="e">Regex Library </td><td class="v">System library enabled </td></tr>
<tr><td class="e">Dynamic Library Support </td><td class="v">enabled </td></tr>
<tr><td class="e">Path to sendmail </td><td class="v">/usr/sbin/sendmail -t -i </td></tr>
</table><br />
<table border="0" cellpadding="3" width="600">
<tr class="h"><th>Directive</th><th>Local Value</th><th>Master Value</th></tr>
<tr><td class="e">assert.active</td><td class="v">1</td><td class="v">1</td></tr>
<tr><td class="e">assert.bail</td><td class="v">0</td><td class="v">0</td></tr>
<tr><td class="e">assert.callback</td><td class="v"><i>no value</i></td><td class="v"><i>no value</i></td></tr>
<tr><td class="e">assert.quiet_eval</td><td class="v">0</td><td class="v">0</td></tr>
<tr><td class="e">assert.warning</td><td class="v">1</td><td class="v">1</td></tr>
<tr><td class="e">auto_detect_line_endings</td><td class="v">0</td><td class="v">0</td></tr>
<tr><td class="e">default_socket_timeout</td><td class="v">60</td><td class="v">60</td></tr>
<tr><td class="e">safe_mode_allowed_env_vars</td><td class="v">PHP_</td><td class="v">PHP_</td></tr>
<tr><td class="e">safe_mode_protected_env_vars</td><td class="v">LD_LIBRARY_PATH</td><td class="v">LD_LIBRARY_PATH</td></tr>
<tr><td class="e">url_rewriter.tags</td><td class="v">a=href,area=href,frame=src,input=src,form=,fieldset=</td><td class="v">a=href,area=href,frame=src,input=src,form=,fieldset=</td></tr>
<tr><td class="e">user_agent</td><td class="v"><i>no value</i></td><td class="v"><i>no value</i></td></tr>
</table><br />
<h2><a name="module_tokenizer">tokenizer</a></h2>
<table border="0" cellpadding="3" width="600">
<tr><td class="e">Tokenizer Support </td><td class="v">enabled </td></tr>
</table><br />
<h2><a name="module_wddx">wddx</a></h2>
<table border="0" cellpadding="3" width="600">
<tr class="h"><th>WDDX Support</th><th>enabled</th></tr>
<tr><td class="e">WDDX Session Serializer </td><td class="v">enabled </td></tr>
</table><br />
<h2><a name="module_xml">xml</a></h2>
<table border="0" cellpadding="3" width="600">
<tr><td class="e">XML Support </td><td class="v">active </td></tr>
<tr><td class="e">XML Namespace Support </td><td class="v">active </td></tr>
<tr><td class="e">EXPAT Version </td><td class="v">expat_1.95.5 </td></tr>
</table><br />
<h2><a name="module_yp">yp</a></h2>
<table border="0" cellpadding="3" width="600">
<tr><td class="e">YP Support </td><td class="v">enabled </td></tr>
</table><br />
<h2><a name="module_zlib">zlib</a></h2>
<table border="0" cellpadding="3" width="600">
<tr><td class="e">ZLib Support </td><td class="v">enabled </td></tr>
<tr><td class="e">Compiled Version </td><td class="v">1.1.4 </td></tr>
<tr><td class="e">Linked Version </td><td class="v">1.1.4 </td></tr>
</table><br />
<table border="0" cellpadding="3" width="600">
<tr class="h"><th>Directive</th><th>Local Value</th><th>Master Value</th></tr>
<tr><td class="e">zlib.output_compression</td><td class="v">Off</td><td class="v">Off</td></tr>
<tr><td class="e">zlib.output_compression_level</td><td class="v">-1</td><td class="v">-1</td></tr>
<tr><td class="e">zlib.output_handler</td><td class="v"><i>no value</i></td><td class="v"><i>no value</i></td></tr>
</table><br />
<h2>Additional Modules</h2>
<table border="0" cellpadding="3" width="600">
<tr class="h"><th>Module Name</th></tr>
<tr><td>sysvsem</td></tr>
<tr><td>sysvshm</td></tr>
</table><br />

<h2>PHP License</h2>
<table border="0" cellpadding="3" width="600">
<tr class="v"><td>
<p>
This program is free software; you can redistribute it and/or modify it under the terms of the PHP License as published by the PHP Group and included in the distribution in the file:  LICENSE
</p>
<p>This program is distributed in the hope that it will be useful, but WITHOUT ANY WARRANTY; without even the implied warranty of MERCHANTABILITY or FITNESS FOR A PARTICULAR PURPOSE.
</p>
<p>If you did not receive a copy of the PHP license, or have any questions about PHP licensing, please contact license@php.net.
</p>
</td></tr>
</table><br />
</div></body></html>
